<layout id="full" name="MediaSpace Edit Entry Player" skinPath="/content/uiconf/kaltura/kmc/appstudio/kdp3/cassiopea/skin/skin.swf">
    <HBox id="topLevel" width="100%" height="100%">
        <VBox id="player" width="100%" height="100%" styleName="black">
            <Plugin id="kalturaMix" width="0%" height="0%" includeInLayout="false" loadingPolicy="onDemand"/>
            <Plugin id="statistics" width="0%" height="0%" includeInLayout="false"/>
            <Canvas id="PlayerHolder" height="100%" width="100%" styleName="black">
                <Video id="video" width="100%" height="100%"/>
                <VBox id="offlineMessageHolder" verticalAlign="middle" horizontalAlign="center" includeInLayout="false" width="100%" height="100%">
                    <Spacer height="100%"/>
                    <Spacer height="100%"/>
                    <Label id="offlineMessage" styleName="offlineMessage" text="{mediaProxy.entry.offlineMessage}" visible="{mediaProxy.isOffline}" width="100%" height="30"/>
                    <Spacer height="100%"/>
                </VBox>
                <Screens id="screensLayer" width="100%" height="100%" mouseOverTarget="{PlayerHolder}" styleName="clickThrough" startScreenId="startScreen" startScreenOverId="startScreen" pauseScreenOverId="pauseScreen" pauseScreenId="pauseScreen" playScreenOverId="playScreen" endScreenId="endScreen" endScreenOverId="endScreen"/>
                <VBox id="generalPluginContainer" width="100%" height="100%">
                    <Spacer id="contentPusher" height="100%"/>
                    <Plugin id="closedCaptionsOverPlayer" width="100%" height="15%" fontsize="12" bg="0x000000" fontFamily="Arial" fontColor="0xFFFFFF" opacity="0" path="closedCaptionsPlugin.swf" useGlow="true" glowColor="0x000333" glowBlur="4"/>
                </VBox>
                <HBox id="ccOverComboBoxWrapper" horizontalAlign="right" width="100%" height="100%" paddingRight="5" paddingTop="5">
                    <Plugin id="captionsOverFader" width="0%" height="0%" includeInLayout="false" target="{ccOverComboBoxWrapper}" hoverTarget="{PlayerHolder}" duration="0.5" autoHide="true" path="faderPlugin.swf"/>
                    <ComboBox id="ccOverComboBox" width="90" styleName="_kdp" selectedIndex="{closedCaptionsOverPlayer.currentCCFileIndex}" kevent_change="sendNotification( 'closedCaptionsSelected' , ccOverComboBox.selectedItem)" dataProvider="{closedCaptionsOverPlayer.availableCCFilesLabels}" prompt="Captions" visible="{closedCaptionsOverPlayer.hasCaptions}" tooltip=""/>
                </HBox>
            </Canvas>
            <Canvas id="controlsHolder" width="100%" height="30">
                <HBox id="ControllerScreenHolder" width="100%" height="30" verticalAlign="middle" styleName="darkBg">
                    <HBox id="ControllerScreen" width="100%" height="30" horizontalGap="9" paddingLeft="9" verticalAlign="middle" styleName="darkBg">
                        <Button id="playBtnControllerScreen" command="play" buttonType="iconButton" focusRectPadding="0" icon="playIcon" overIcon="playIcon" downIcon="playIcon" disabeledIcon="playIcon" selectedUpIcon="pauseIcon" selectedOverIcon="pauseIcon" selectedDownIcon="pauseIcon" selectedDisabledIcon="pauseIcon" tooltip="" upTooltip="Pause" selectedTooltip="Play" k_buttonType="buttonIconControllerArea" color1="14540253" color2="16777215" color3="3355443" color4="10066329" color5="16777215" font="Arial"/>
                        <Button id="liveToggleStatus" toggle="true" color1="0xFF0000" color2="0xFF0000" upIcon="onAirIcon" overIcon="onAirIcon" downIcon="onAirIcon" disabeledIcon="onAirIcon" selectedUpIcon="offlineIcon" selectedOverIcon="offlineIcon" selectedDownIcon="offlineIcon" selectedDisabledIcon="offlineIcon" isSelected="{mediaProxy.isOffline}" visible="{mediaProxy.isLive}" includeInLayout="{mediaProxy.isLive}" mouseEnable="false" useHandCursor=""/>
                        <VBox id="scrubberContainer" width="100%" height="30" verticalAlign="middle" verticalGap="-3" notVisible="{mediaProxy.isLive}">
                            <Spacer height="10"/>
                            <Scrubber id="scrubber" width="100%" height="10" styleName="" color1="14540253" color2="14540253"/>
                            <HBox width="100%">
                                <Timer id="timerControllerScreen1" width="40" styleName="timerProgressLeft" format="mm:ss" height="12" dynamicColor="true" timerType="forwards" color1="14540253"/>
                                <Spacer width="100%" height="8"/>
                                <Timer id="timerControllerScreen2" width="40" styleName="timerProgressRight" format="mm:ss" height="12" timerType="total" dynamicColor="true" color1="14540253"/>
                            </HBox>
                        </VBox>
                        <VolumeBar id="volumeBar" styleName="volumeBtn" width="20" buttonType="iconButton" tooltip="Change volume" color1="14540253" color2="16777215" color3="3355443" color4="10066329" color5="16777215" font="Arial"/>
                        <Button id="fullScreenBtnControllerScreen" command="fullScreen" buttonType="iconButton" height="22" styleName="controllerScreen" icon="openFullScreenIcon" selectedUpIcon="closeFullScreenIcong" selectedOverIcon="closeFullScreenIcon" selectedDownIcon="closeFullScreenIcon" selectedDisabledIcon="closeFullScreenIcon" focusRectPadding="0" allowDisable="false" tooltip="Toggle fullscreen" k_buttonType="buttonIconControllerArea" color1="14540253" color2="16777215" color3="3355443" color4="10066329" color5="16777215" font="Arial"/>
                    </HBox>
                    <Spacer width="13"/>
                    <Button id="kalturaLogo" height="50" width="100" kClick="navigate('http://www.kaltura.com')" styleName="controllerScreen" icon="kalturaLogo"/>
                    <Spacer width="13"/>
                </HBox>
            </Canvas>
        </VBox>
    </HBox>
    <screens>
        <screen id="startScreen">
            <VBox id="startContainer" width="100%" height="100%" verticalAlign="middle" horizontalAlign="center">
                <Spacer width="100%"/>
                <Tile id="startTile" width="100%" verticalGap="10" verticalAlign="middle" horizontalAlign="center">
                    <Button id="onVideoPlayBtnStartScreen" command="play" buttonType="onScreenButton" minWidth="60" labelPlacement="top" label="Play" styleName="onScreenBtn" upIcon="playIcon" overIcon="playIcon" downIcon="playIcon" disabeledIcon="playIcon" selectedUpIcon="playIcon" selectedOverIcon="playIcon" selectedDownIcon="playIcon" selectedDisabledIcon="playIcon" k_buttonType="buttonIconControllerArea" tooltip="Play video" color1="14540253" color2="16777215" color3="3355443" color4="10066329" color5="16777215" font="Arial"/>
                </Tile>
                <Spacer width="100%"/>
            </VBox>
        </screen>
        <screen id="pauseScreen">
            <VBox id="pauseContainer" width="100%" height="100%" verticalAlign="middle" horizontalAlign="center">
                <Spacer height="100%"/>
                <Tile id="pauseTile" width="100%" verticalGap="10" verticalAlign="middle" horizontalAlign="center">
                    <Button id="onVideoPlayBtnPauseScreen" command="play" buttonType="onScreenButton" minWidth="60" labelPlacement="top" label="Play" styleName="onScreenBtn" upIcon="playIcon" overIcon="playIcon" downIcon="playIcon" disabeledIcon="playIcon" selectedUpIcon="playIcon" selectedOverIcon="playIcon" selectedDownIcon="playIcon" selectedDisabledIcon="playIcon" k_buttonType="buttonIconControllerArea" tooltip="Play video" color1="14540253" color2="16777215" color3="3355443" color4="10066329" color5="16777215" font="Arial"/>
                </Tile>
                <Spacer height="100%"/>
            </VBox>
        </screen>
        <screen id="playScreen">
            <VBox id="playContainer" width="100%" height="100%" verticalAlign="middle" horizontalAlign="center">
                <Spacer height="100%"/>
                <Tile id="playTile" width="100%" verticalGap="10" verticalAlign="middle" horizontalAlign="center">
                </Tile>
                <Spacer height="100%"/>
            </VBox>
        </screen>
        <screen id="endScreen">
            <VBox id="endContainer" width="100%" height="100%" verticalAlign="middle" horizontalAlign="center">
                <Spacer height="100%"/>
                <Tile id="endTile" width="100%" verticalGap="10" verticalAlign="middle" horizontalAlign="center">
                    <Button id="replayBtnEndScreen" kClick="sendNotification('doPlay')" buttonType="onScreenButton" minWidth="60" labelPlacement="top" label="Replay" styleName="onScreenBtn" upIcon="replayIcon" k_buttonType="buttonIconControllerArea" tooltip="Replay" color1="14540253" color2="16777215" color3="3355443" color4="10066329" color5="16777215" font="Arial"/>
                </Tile>
                <Spacer height="100%"/>
            </VBox>
        </screen>
    </screens>
    <strings/>
    <extraData/>
    <plugins/>
    <uiVars>
        <var key="video.keepAspectRatio" value="true"/>
        <var key="playlistAPI.autoContinue" value="false"/>
        <var key="imageDefaultDuration" value="2"/>
        <var key="autoPlay" value="false"/>
        <var key="autoMute" value="false"/>
    </uiVars>
</layout>