<?xml version="1.0" encoding="UTF-8"?>
<layout id="full" name="KMS moderation" skinPath="/content/uiconf/kaltura/kmc/appstudio/kdp3/falcon/skin/v3.7/skin.swf">
  <HBox id="topLevel" width="100%" height="100%">
    <VBox id="player" width="100%" height="100%" styleName="black">
      <Plugin id="kalturaMix" width="0%" height="0%" includeInLayout="false" loadingPolicy="onDemand"/>
      <Plugin id="akamaiMediaAnalytics" width="0%" height="0%" includeInLayout="false" asyncInit="true" swfPath="http://79423.analytics.edgesuite.net/csma/plugin/csma.swf" configPath="http://ma193-r.analytics.edgesuite.net/config/beacon-3431.xml" securedSwfPath="https://79423.analytics.edgekey.net/csma/plugin/csma.swf" securedConfigPath="https://ma193-r.analytics.edgekey.net/config/beacon-3900.xml"/>
      <Plugin id="fader" width="0%" height="0%" includeInLayout="false" target="{controllersVbox}" hoverTarget="{PlayerHolder}" duration="0.5" autoHide="true"/>
      <Canvas id="PlayerHolder" height="100%" width="100%" styleName="black">
        <Video id="video" width="100%" height="100%"/>
        <VBox id="offlineMessageHolder" verticalAlign="middle" horizontalAlign="center" includeInLayout="false" width="100%" height="100%">
          <Spacer height="100%"/>
          <Spacer height="100%"/>
          <Label id="offlineMessage" styleName="offlineMessage" text="{mediaProxy.entry.offlineMessage}" visible="{mediaProxy.isOffline}" width="100%" height="30"/>
          <Spacer height="100%"/>
        </VBox>
        <Screens id="screensLayer" width="100%" height="100%" mouseOverTarget="{PlayerHolder}" styleName="clickThrough" startScreenId="startScreen" startScreenOverId="startScreen" pauseScreenOverId="pauseScreen" pauseScreenId="pauseScreen" playScreenOverId="playScreen" endScreenId="endScreen" endScreenOverId="endScreen"/>
        <VBox id="controllersVbox" width="100%" height="100%" verticalAlign="Bottom" paddingRight="5" paddingLeft="5">
          <Spacer id="controllerPusher" width="100%" height="100%"/>
          <HBox id="ControllerScreenHolder" width="100%" height="30" verticalAlign="middle" styleName="hoverBg">
            <HBox id="ControllerScreen" width="100%" height="30" horizontalGap="9" paddingLeft="9" verticalAlign="middle" styleName="">
              <Button color1="14540253" color2="16777215" color3="3355443" color4="10066329" color5="16777215" id="playBtnControllerScreen" command="play" buttonType="iconButton" focusRectPadding="0" icon="playIcon" overIcon="playIcon" downIcon="playIcon" disabeledIcon="playIcon" selectedUpIcon="pauseIcon" selectedOverIcon="pauseIcon" selectedDownIcon="pauseIcon" selectedDisabledIcon="pauseIcon" k_buttonType="buttonIconControllerArea" font="Arial"/>
              <Button id="liveToggleStatus" buttonType="iconButton" focusRectPadding="0" icon="onAirIcon" overIcon="onAirIcon" downIcon="onAirIcon" disabeledIcon="onAirIcon" selectedUpIcon="offlineIcon" selectedOverIcon="offlineIcon" selectedDownIcon="offlineIcon" selectedDisabledIcon="offlineIcon" k_buttonType="buttonIconControllerArea" color1="11184810" color2="16777215" color3="16777215" color4="11184810" color5="0" isSelected="{mediaProxy.isOffline}" visible="{mediaProxy.isLive}" includeInLayout="{mediaProxy.isLive}" toggle="true" useHandCursor="" mouseEnable="false"/>
              <HBox id="seekBox" width="100%" height="30" visible="{mediaProxy.canSeek}" verticalAlign="middle" horizontalGap="9">
                <Button id="goLiveBtn" buttonType="labelButton" textPadding="0" height="20" color1="0xCECECE" color2="0xFFFFFF" kClick="sendNotification('goLive')" visible="{mediaProxy.isLive}" includeInLayout="{mediaProxy.isLive}" label="Live" styleName="controllerScreen"/>
                <VBox id="scrubberContainer" width="100%" height="30" verticalAlign="middle" verticalGap="-3" supportEnableGui="false">
                  <Spacer height="10"/>
                  <Scrubber id="scrubber" width="100%" height="10" styleName="" color1="14540253" color2="14540253"/>
                  <HBox width="100%">
                    <Timer id="timerControllerScreen1" width="62" styleName="timerProgressLeft" format="mm:ss" height="12" timerType="forwards" color1="14540253"/>
                    <Spacer width="100%" height="8"/>
                    <Timer id="timerControllerScreen2" width="62" styleName="timerProgressRight" format="mm:ss" height="12" timerType="total" color1="14540253"/>
                  </HBox>
                </VBox>
              </HBox>
              <VolumeBar id="volumeBar" styleName="volumeBtn" buttonWidth="20" width="20" height="20" buttonType="iconButton" color1="14540253" color2="16777215" color3="3355443" color4="10066329" color5="16777215" font="Arial"/>
              <Button color1="14540253" color2="16777215" color3="3355443" color4="10066329" color5="16777215" id="fullScreenBtnControllerScreen" command="fullScreen" buttonType="iconButton" height="22" styleName="controllerScreen" icon="openFullScreenIcon" selectedUpIcon="closeFullScreenIcon" selectedOverIcon="closeFullScreenIcon" selectedDownIcon="closeFullScreenIcon" selectedDisabledIcon="closeFullScreenIcon" focusRectPadding="0" allowDisable="false" k_buttonType="buttonIconControllerArea" font="Arial"/>
            </HBox>
            <!-- Spacer width="13"/>
            <Button color1="14540253" color2="16777215" color3="3355443" color4="10066329" color5="16777215" id="kalturaLogo" height="50" width="100" kClick="navigate('http://www.kaltura.com')" styleName="controllerScreen" icon="kalturaLogo"/-->
            <Spacer width="13"/>
          </HBox>
          <Spacer id="PaddingBottom" height="5"/>
        </VBox>
        <VBox id="skipBtnHolder" width="100%" height="100%">
          <Spacer height="100%"/>
          <HBox width="100%" height="30">
            <Spacer width="100%"/>
          </HBox>
        </VBox>
        <VBox id="generalPluginContainer" width="100%" height="100%">
          <Spacer id="contentPusher" height="100%"/>
        </VBox>
      </Canvas>
    </VBox>
  </HBox>
  <screens>
    <screen id="startScreen">
      <VBox id="startContainer" width="100%" height="100%" verticalAlign="middle" horizontalAlign="center">
        <Spacer width="100%"/>
        <Tile id="startTile" width="100%" verticalGap="10" verticalAlign="middle" horizontalAlign="center">
          <Button color1="14540253" color2="16777215" color3="3355443" color4="10066329" color5="16777215" id="onVideoPlayBtnStartScreen" command="play" buttonType="onScreenButton" minWidth="60" labelPlacement="top" label="Play" styleName="onScreenBtn" upIcon="playIcon" overIcon="playIcon" downIcon="playIcon" disabeledIcon="playIcon" selectedUpIcon="playIcon" selectedOverIcon="playIcon" selectedDownIcon="playIcon" selectedDisabledIcon="playIcon" k_buttonType="buttonIconControllerArea" font="Arial"/>
        </Tile>
        <Spacer width="100%"/>
      </VBox>
    </screen>
    <screen id="pauseScreen">
      <VBox id="pauseContainer" width="100%" height="100%" verticalAlign="middle" horizontalAlign="center">
        <Spacer height="100%"/>
        <Tile id="pauseTile" width="100%" verticalGap="10" verticalAlign="middle" horizontalAlign="center">
          <Button color1="14540253" color2="16777215" color3="3355443" color4="10066329" color5="16777215" id="onVideoPlayBtnPauseScreen" command="play" buttonType="onScreenButton" minWidth="60" labelPlacement="top" label="Play" styleName="onScreenBtn" upIcon="playIcon" overIcon="playIcon" downIcon="playIcon" disabeledIcon="playIcon" selectedUpIcon="playIcon" selectedOverIcon="playIcon" selectedDownIcon="playIcon" selectedDisabledIcon="playIcon" k_buttonType="buttonIconControllerArea" font="Arial"/>
        </Tile>
        <Spacer height="100%"/>
      </VBox>
    </screen>
    <screen id="playScreen">
      <VBox id="playContainer" width="100%" height="100%" verticalAlign="middle" horizontalAlign="center">
        <Spacer height="100%"/>
        <Tile id="playTile" width="100%" verticalGap="10" verticalAlign="middle" horizontalAlign="center"/>
        <Spacer height="100%"/>
      </VBox>
    </screen>
    <screen id="endScreen">
      <VBox id="endContainer" width="100%" height="100%" verticalAlign="middle" horizontalAlign="center">
        <Spacer height="100%"/>
        <Tile id="endTile" width="100%" verticalGap="10" verticalAlign="middle" horizontalAlign="center"/>
        <Spacer height="100%"/>
      </VBox>
    </screen>
  </screens>
  <strings>
    <string key="ENTRY_CONVERTING" value="Entry is processing, please try again in a few minutes."/>
  </strings>
  <extraData>null</extraData>
  <plugins/>
  <uiVars>
    <var key="video.keepAspectRatio" value="true"/>
    <var key="playlistAPI.autoContinue" value="false"/>
    <var key="imageDefaultDuration" value="2"/>
    <var key="autoPlay" value="false"/>
    <var key="autoMute" value="false"/>
  </uiVars>
</layout>
