<?xml version="1.0" encoding="utf-8"?>
<KUploadConfiguration>

  <fileFilters default="Any">
    <fileFilter id="image"
          description="images"
          extensions="*.jpg;*.jpeg;*.bmp;*.png;*.gif;*.tif;*.tiff"
          entryType="1"
          mediaType="2" />

    <fileFilter id="video"
          description="videos"
          extensions="*.flv;*.asf;*.qt;*.mov;*.mpg;*.mpeg;*.avi;*.wmv;*.mp4;*.m4v;*.3gp;*.mkv;*.FLV;*.ASF;*.QT;*.MOV;*.MPG;*.MPEG;*.AVI;*.WMV;*.MP4;*.M4V;*.3GP;*.MKV;*.arf;*.ARF"
          type="1"
          entryType="1"
          mediaType="1" />

    <fileFilter id="audio" description="audio"
          extensions="*.flv;*.asf;*.wmv;*.qt;*.mov;*.mpg;*.avi;*.mp3;*.wav;*.mp4;*.wma;*.3gp;*.vob"
          entryType="1"
          mediaType="5" />

    <fileFilter id="media"
          description="images/videos/audio"
          extensions="*.qt;*.mov;*.mpg;*.avi;*.mp3;*.wav;*.mp4;*.wma;*.vob;*.flv;*.asf;*.qt;*.mov;*.mpeg;*.avi;*.wmv;*.m4v;*.3gp;*.jpg;*.jpeg;*.bmp;*.png;*.gif;*.tif;*.tiff;*.mkv;*.QT;*.MOV;*.MPG;*.AVI;*.MP3;*.WAV;*.MP4;*.WMA;*.VOB;*.FLV;*.ASF;*.QT;*.MOV;*.MPEG;*.AVI;*.WMV;*.M4V;*.3GP;*.JPG;*.JPEG;*.BMP;*.PNG;*.GIV;*.TIF;*.TIFF;*.MKV;*.arf;*.ARF"
          entryType="1"
          mediaType="-1" />

    <fileFilter id="documents"
          description="documents"
          extensions="*.ppt;*.doc;*.xls;*.ods;*.odt;*.pdf;*.pptx;*.docx;*.xlsx"
          entryType="10"
          mediaType="-1" />

    <fileFilter id="swfdocuments"
          description="swf"
          extensions="*.swf"
          entryType="10"
          mediaType="12" />

    <fileFilter id="Any"
          description="documents/images/videos/audio/swfdocuments"
          extensions="*.swf;*.csv;*.doc;*.docx;*.txt;*.xls;*.xlsx;*.ppt;*.pptx;*.pdf;*.rtf;*.tab;*.mov;*.mpg;*.avi;*.mp3;*.wav;*.mp4;*.wma;*.flv;*.asf;*.qt;*.mov;*.mpg;*.mpeg;*.avi;*.wmv;*.m4v;*.3gp;*.wav;*.mp4;*.jpg;*.jpeg;*.art;*.bmp;*.png;*.gif;*.tif;*.tiff"
          entryType="-1"
          mediaType="-1" />
  </fileFilters>

  <limits maxUploads="1" maxFileSize="2048" maxTotalSize="2048" />
</KUploadConfiguration>
