<xsd:schema xmlns:xsd="http://www.w3.org/2001/XMLSchema">
  <xsd:element name="metadata">
    <xsd:complexType>
      <xsd:sequence>
        <xsd:element id="md_D8E74BC3-CED9-94F6-90FC-B71FFBD78D62" name="Moderate" minOccurs="0" maxOccurs="1">
          <xsd:annotation>
            <xsd:documentation></xsd:documentation>
            <xsd:appinfo>
              <label>moderate</label>
              <key>moderate</key>
              <searchable>true</searchable>
              <timeControl>false</timeControl>
              <description></description>
            </xsd:appinfo>
          </xsd:annotation>
          <xsd:simpleType>
            <xsd:restriction base="listType">
              <xsd:enumeration value="yes"/>
              <xsd:enumeration value="no"/>
            </xsd:restriction>
          </xsd:simpleType>
        </xsd:element>
      </xsd:sequence>
    </xsd:complexType>
  </xsd:element>
  <xsd:complexType name="textType">
    <xsd:simpleContent>
      <xsd:extension base="xsd:string"/>
    </xsd:simpleContent>
  </xsd:complexType>
  <xsd:complexType name="dateType">
    <xsd:simpleContent>
      <xsd:extension base="xsd:long"/>
    </xsd:simpleContent>
  </xsd:complexType>
  <xsd:complexType name="objectType">
    <xsd:simpleContent>
      <xsd:extension base="xsd:string"/>
    </xsd:simpleContent>
  </xsd:complexType>
  <xsd:simpleType name="listType">
    <xsd:restriction base="xsd:string"/>
  </xsd:simpleType>
</xsd:schema>