<xsd:schema xmlns:xsd="http://www.w3.org/2001/XMLSchema">
  <xsd:element name="metadata">
    <xsd:complexType>
      <xsd:sequence>
        <xsd:element id="md_2D9AB596-6806-A353-3EA3-6A0B9CFBBD06" name="ChannelThumbnails" minOccurs="0" maxOccurs="7" type="textType">
          <xsd:annotation>
            <xsd:documentation></xsd:documentation>
            <xsd:appinfo>
              <label>thumbnail</label>
              <key>thumbnail</key>
              <searchable>false</searchable>
              <timeControl>false</timeControl>
              <description>thumbnail url</description>
            </xsd:appinfo>
          </xsd:annotation>
        </xsd:element>
      </xsd:sequence>
    </xsd:complexType>
  </xsd:element>
  <xsd:complexType name="textType">
    <xsd:simpleContent>
      <xsd:extension base="xsd:string"/>
    </xsd:simpleContent>
  </xsd:complexType>
  <xsd:complexType name="dateType">
    <xsd:simpleContent>
      <xsd:extension base="xsd:long"/>
    </xsd:simpleContent>
  </xsd:complexType>
  <xsd:complexType name="objectType">
    <xsd:simpleContent>
      <xsd:extension base="xsd:string"/>
    </xsd:simpleContent>
  </xsd:complexType>
  <xsd:simpleType name="listType">
    <xsd:restriction base="xsd:string"/>
  </xsd:simpleType>
</xsd:schema>