<xsd:schema xmlns:xsd="http://www.w3.org/2001/XMLSchema">
  <xsd:element name="metadata">
    <xsd:complexType>
      <xsd:sequence>
        <xsd:element id="md_sharedRepository" name="sharedRepository" minOccurs="0" maxOccurs="unbounded">
          <xsd:annotation>
            <xsd:documentation></xsd:documentation>
            <xsd:appinfo>
              <label>Shared Repository</label>
              <key>sharedRepository</key>
              <searchable>false</searchable>
              <timeControl>false</timeControl>
              <description>A set of values describing adding an entry to a shared repository</description>
            </xsd:appinfo>
          </xsd:annotation>
          <xsd:complexType>
            <xsd:sequence>
              <xsd:element id="md_userId" name="userId" minOccurs="0" maxOccurs="1" type="textType">
                <xsd:annotation>
                  <xsd:documentation></xsd:documentation>
                  <xsd:appinfo>
                    <label>User ID</label>
                    <key>userId</key>
                    <searchable>false</searchable>
                    <description>ID of the user who added the entry to a Shared Repository</description>
                  </xsd:appinfo>
                </xsd:annotation>
                </xsd:element>
                <xsd:element id="md_categoryId" name="categoryId" minOccurs="0" maxOccurs="1" type="textType">
                  <xsd:annotation>
                    <xsd:documentation></xsd:documentation>
                    <xsd:appinfo>
                      <label>Category ID</label>
                      <key>categoryId</key>
                      <searchable>false</searchable>
                      <description>ID of the Shared Repository category</description>
                    </xsd:appinfo>
                  </xsd:annotation>
                </xsd:element>
                <xsd:element id="md_time" name="time" minOccurs="0" maxOccurs="1" type="dateType">
		          <xsd:annotation>
		            <xsd:documentation></xsd:documentation>
		            <xsd:appinfo>
		              <label>Time</label>
		              <key>time</key>
		              <searchable>false</searchable>
		              <timeControl>false</timeControl>
		              <description>Time when the entry was added to the shared Repository</description>
		            </xsd:appinfo>
		          </xsd:annotation>
		        </xsd:element>
            </xsd:sequence>
          </xsd:complexType>
        </xsd:element>
      </xsd:sequence>
    </xsd:complexType>
  </xsd:element>
  <xsd:complexType name="textType">
    <xsd:simpleContent>
      <xsd:extension base="xsd:string"/>
    </xsd:simpleContent>
  </xsd:complexType>
  <xsd:complexType name="dateType">
    <xsd:simpleContent>
      <xsd:extension base="xsd:long"/>
    </xsd:simpleContent>
  </xsd:complexType>
</xsd:schema>