<layouts>
	<layout id="KMC">
		<MultiComponent id="multiVBox" compPackage="com.kaltura.edw.view.customData." name="sharedRepository">
			<VBox id="container" compPackage="mx.containers." name="sharedRepository">
				<TextInput id="textInput" compPackage="mx.controls." metadataData="text" dataType="String" styleName="dynamicTextInput" width="186" name="userId" />
				<TextInput id="textInput" compPackage="mx.controls." metadataData="text" dataType="String" styleName="dynamicTextInput" width="186" name="categoryId" />
				<DateField id="dateField" compPackage="mx.controls." metadataData="selectedDate" dataType="Date" dateChooserStyleName="dynamicDateChooser" width="186" name="time" />
				<Label id="spacer" compPackage="mx.controls." metadataData="text" dataType="String"/>
			</VBox>
		</MultiComponent>
	</layout>
</layouts>