<xsd:schema xmlns:xsd="http://www.w3.org/2001/XMLSchema">
  <xsd:element name="metadata">
    <xsd:complexType>
      <xsd:sequence>
        <xsd:element id="md_61053879-7E89-7E35-6C94-03B8AE442086" name="role" minOccurs="0" maxOccurs="1" type="textType">
          <xsd:annotation>
            <xsd:documentation></xsd:documentation>
            <xsd:appinfo>
              <label>Role</label>
              <key>Role</key>
              <searchable>true</searchable>
              <timeControl>false</timeControl>
              <description></description>
            </xsd:appinfo>
          </xsd:annotation>
        </xsd:element>
      </xsd:sequence>
    </xsd:complexType>
  </xsd:element>
  <xsd:complexType name="textType">
    <xsd:simpleContent>
      <xsd:extension base="xsd:string"/>
    </xsd:simpleContent>
  </xsd:complexType>
  <xsd:complexType name="dateType">
    <xsd:simpleContent>
      <xsd:extension base="xsd:long"/>
    </xsd:simpleContent>
  </xsd:complexType>
  <xsd:complexType name="objectType">
    <xsd:simpleContent>
      <xsd:extension base="xsd:string"/>
    </xsd:simpleContent>
  </xsd:complexType>
  <xsd:simpleType name="listType">
    <xsd:restriction base="xsd:string"/>
  </xsd:simpleType>
</xsd:schema>