<xsd:schema xmlns:xsd="http://www.w3.org/2001/XMLSchema">
  <xsd:element name="metadata">
    <xsd:complexType>
      <xsd:sequence>
        <xsd:element id="md_Detail" name="Detail" minOccurs="0" maxOccurs="unbounded">
          <xsd:annotation>
            <xsd:documentation></xsd:documentation>
            <xsd:appinfo>
              <label>Detail</label>
              <key>Detail</key>
              <searchable>false</searchable>
              <timeControl>false</timeControl>
              <description>A set of key-value for additional user information</description>
            </xsd:appinfo>
          </xsd:annotation>
          <xsd:complexType>
            <xsd:sequence>
              <xsd:element id="md_Key" name="Key" minOccurs="0" maxOccurs="1" type="textType">
                <xsd:annotation>
                  <xsd:documentation></xsd:documentation>
                  <xsd:appinfo>
                    <label>Key</label>
                    <key>Key</key>
                    <searchable>true</searchable>
                    <description></description>
                  </xsd:appinfo>
                </xsd:annotation>
                </xsd:element>
                <xsd:element id="md_Value" name="Value" minOccurs="0" maxOccurs="1" type="textType">
                  <xsd:annotation>
                    <xsd:documentation></xsd:documentation>
                    <xsd:appinfo>
                      <label>Value</label>
                      <key>Value</key>
                      <searchable>true</searchable>
                      <description></description>
                    </xsd:appinfo>
                  </xsd:annotation>
                </xsd:element>
            </xsd:sequence>
          </xsd:complexType>
        </xsd:element>
      </xsd:sequence>
    </xsd:complexType>
  </xsd:element>
  <xsd:complexType name="textType">
    <xsd:simpleContent>
      <xsd:extension base="xsd:string"/>
    </xsd:simpleContent>
  </xsd:complexType>
  
</xsd:schema>